what,kind,bundleId,bundleVersion,description,time
started,bundle,org.eclipse.ui.net,1.2.100.I20100505-1245,"org.eclipse.ui.net",1348273499222
started,bundle,org.eclipse.ui.views,3.5.1.M20110202-0800,"org.eclipse.ui.views",1348273499222
started,bundle,org.eclipse.ui.views.log,1.0.100.v20110210_r362,"org.eclipse.ui.views.log",1348273499222
started,bundle,org.eclipse.ui.workbench,3.6.2.M20110210-1200,"org.eclipse.ui.workbench",1348273499222
started,bundle,org.eclipse.ui.workbench.texteditor,3.6.1.r361_v20100714-0800,"org.eclipse.ui.workbench.texteditor",1348273499222
started,bundle,org.eclipse.update.configurator,3.3.100.v20100512,"org.eclipse.update.configurator",1348273499222
started,bundle,org.eclipse.update.core,3.2.402.R36x_v20100629,"org.eclipse.update.core",1348273499222
started,bundle,org.eclipse.update.scheduler,3.2.300.v20100512,"org.eclipse.update.scheduler",1348273499222
started,bundle,org.eclipse.wst.common.project.facet.core,1.4.102.v201008170019,"org.eclipse.wst.common.project.facet.core",1348273499222
started,bundle,org.eclipse.wst.web,1.1.402.v201012160000,"org.eclipse.wst.web",1348273499222
os,sysinfo,,,"win32",1348273499222
arch,sysinfo,,,"x86",1348273499222
ws,sysinfo,,,"win32",1348273499222
locale,sysinfo,,,"en_AU",1348273499222
processors,sysinfo,,,"4",1348273499222
java.runtime.name,sysinfo,,,"Java(TM) SE Runtime Environment",1348273499222
java.runtime.version,sysinfo,,,"1.7.0_06-b24",1348273499222
java.specification.name,sysinfo,,,"Java Platform API Specification",1348273499222
java.specification.vendor,sysinfo,,,"Oracle Corporation",1348273499222
java.specification.version,sysinfo,,,"1.7",1348273499222
java.vendor,sysinfo,,,"Oracle Corporation",1348273499222
java.version,sysinfo,,,"1.7.0_06",1348273499222
java.vm.info,sysinfo,,,"mixed mode",1348273499222
java.vm.name,sysinfo,,,"Java HotSpot(TM) Client VM",1348273499222
java.vm.specification.name,sysinfo,,,"Java Virtual Machine Specification",1348273499222
java.vm.specification.vendor,sysinfo,,,"Oracle Corporation",1348273499222
java.vm.specification.version,sysinfo,,,"1.7",1348273499222
java.vm.vendor,sysinfo,,,"Oracle Corporation",1348273499222
java.vm.version,sysinfo,,,"23.2-b09",1348273499222
deactivated,workbench,org.eclipse.ui.workbench,3.6.2.M20110210-1200,"",1348273502202
activated,workbench,org.eclipse.ui.workbench,3.6.2.M20110210-1200,"",1348273503341
closed,workbench,org.eclipse.ui.workbench,3.6.2.M20110210-1200,"",1348273503544
started,bundle,org.eclipse.compare,3.5.101.R36x_v20100929-0800,"org.eclipse.compare",1348273504230
stopped,bundle,org.eclipse.jst.j2ee.xdoclet.runtime,1.1.300.v201004280700,"org.eclipse.jst.j2ee.xdoclet.runtime",1348273504402
stopped,bundle,org.eclipse.jst.j2ee.ejb.annotations.xdoclet,1.2.100.v201003112036,"org.eclipse.jst.j2ee.ejb.annotations.xdoclet",1348273504402
stopped,bundle,org.eclipse.jst.server.generic.jboss,1.6.1.v200904151730,"org.eclipse.jst.server.generic.jboss",1348273504433
stopped,bundle,org.eclipse.jst.server.generic.jonas,1.5.205.v200805140145,"org.eclipse.jst.server.generic.jonas",1348273504433
stopped,bundle,org.eclipse.jst.server.generic.oc4j,1.5.206.v20090812,"org.eclipse.jst.server.generic.oc4j",1348273504433
stopped,bundle,org.eclipse.jst.server.websphere.core,1.0.302.v20080620,"org.eclipse.jst.server.websphere.core",1348273504433
stopped,bundle,org.eclipse.jst.server.generic.ui,1.0.505.v20100428,"org.eclipse.jst.server.generic.ui",1348273504433
stopped,bundle,org.eclipse.jst.server.generic.core,1.0.606.v20100512,"org.eclipse.jst.server.generic.core",1348273504433
stopped,bundle,org.eclipse.mylyn.ide.ant,3.4.0.v20100608-0100-e3x,"org.eclipse.mylyn.ide.ant",1348273504433
stopped,bundle,org.eclipse.datatools.connectivity.oda.template.ui,3.2.1.v201004090942,"org.eclipse.datatools.connectivity.oda.template.ui",1348273504433
stopped,bundle,org.eclipse.pde.api.tools.ui,1.0.201.v20100820_r361,"org.eclipse.pde.api.tools.ui",1348273504433
stopped,bundle,org.eclipse.pde.ds.ui,1.0.100.v20100601,"org.eclipse.pde.ds.ui",1348273504433
stopped,bundle,org.eclipse.pde.runtime,3.4.200.v20100601,"org.eclipse.pde.runtime",1348273504448
stopped,bundle,org.eclipse.pde.ua.ui,1.0.100.v20100504,"org.eclipse.pde.ua.ui",1348273504448
stopped,bundle,org.eclipse.pde.ui.templates,3.4.200.v20100601,"org.eclipse.pde.ui.templates",1348273504448
stopped,bundle,org.eclipse.pde.ui,3.6.1.v20110210_r362,"org.eclipse.pde.ui",1348273504448
stopped,bundle,org.eclipse.ant.ui,3.5.0.v20100427,"org.eclipse.ant.ui",1348273504448
stopped,bundle,org.eclipse.ant.launching,1.0.1.v20101020_r362,"org.eclipse.ant.launching",1348273504448
stopped,bundle,org.eclipse.compare.win32,1.0.101.R36x_v20101103-0618,"org.eclipse.compare.win32",1348273504448
stopped,bundle,org.eclipse.equinox.p2.ui.sdk,1.0.100.v20100513,"org.eclipse.equinox.p2.ui.sdk",1348273504448
stopped,bundle,org.eclipse.jst.server.tomcat.ui,1.1.200.v20100418,"org.eclipse.jst.server.tomcat.ui",1348273504448
stopped,bundle,org.eclipse.jst.server.ui,1.1.101.v20100823b,"org.eclipse.jst.server.ui",1348273504448
stopped,bundle,org.eclipse.mylyn.java.tasks,3.4.0.v20100608-0100-e3x,"org.eclipse.mylyn.java.tasks",1348273504448
stopped,bundle,org.eclipse.mylyn.java.ui,3.4.0.v20100608-0100-e3x,"org.eclipse.mylyn.java.ui",1348273504448
stopped,bundle,org.eclipse.jdt.junit,3.6.1.r361_v20100825-0800,"org.eclipse.jdt.junit",1348273504448
stopped,bundle,org.eclipse.jpt.eclipselink.ui,1.3.0.v201004280001,"org.eclipse.jpt.eclipselink.ui",1348273504464
stopped,bundle,org.eclipse.jpt.eclipselink.core,1.3.2.v201102072310,"org.eclipse.jpt.eclipselink.core",1348273504464
stopped,bundle,org.eclipse.jpt.jaxb.ui,1.0.1.v201006300000,"org.eclipse.jpt.jaxb.ui",1348273504464
stopped,bundle,org.eclipse.jpt.ui,2.3.2.v201008252310,"org.eclipse.jpt.ui",1348273504464
stopped,bundle,org.eclipse.jpt.core,2.3.3.v201102172310,"org.eclipse.jpt.core",1348273504464
stopped,bundle,org.eclipse.jpt.db,1.2.202.v201010192330,"org.eclipse.jpt.db",1348273504464
stopped,bundle,org.eclipse.datatools.enablement.jdt.classpath,1.0.1.v201004070709,"org.eclipse.datatools.enablement.jdt.classpath",1348273504464
stopped,bundle,org.eclipse.jdt.apt.ui,3.3.300.v20100513-0845,"org.eclipse.jdt.apt.ui",1348273504464
stopped,bundle,org.eclipse.datatools.enablement.sybase.asa.schemaobjecteditor.examples,2.5.0.200810071,"org.eclipse.datatools.enablement.sybase.asa.schemaobjecteditor.examples",1348273504464
stopped,bundle,org.eclipse.datatools.sqltools.debugger.core.ui,1.0.0.v201003161000,"org.eclipse.datatools.sqltools.debugger.core.ui",1348273504464
stopped,bundle,org.eclipse.jst.server.preview.adapter,1.1.100.v20100308,"org.eclipse.jst.server.preview.adapter",1348273504464
stopped,bundle,org.eclipse.wst.xsl.jaxp.debug.ui,1.0.100.v201004290328,"org.eclipse.wst.xsl.jaxp.debug.ui",1348273504480
stopped,bundle,org.eclipse.jdt.debug.ui,3.5.2.v20100928a_r362,"org.eclipse.jdt.debug.ui",1348273504480
stopped,bundle,org.eclipse.jst.common.annotations.ui,1.1.300.v201002081900,"org.eclipse.jst.common.annotations.ui",1348273504480
stopped,bundle,org.eclipse.jst.j2ee.ejb.annotations.ui,1.1.200.v201004290730,"org.eclipse.jst.j2ee.ejb.annotations.ui",1348273504480
stopped,bundle,org.eclipse.jst.ejb.ui,1.1.502.v201101121843,"org.eclipse.jst.ejb.ui",1348273504480
stopped,bundle,org.eclipse.jst.ws.axis.creation.ui,1.0.600.v201008171516,"org.eclipse.jst.ws.axis.creation.ui",1348273504480
stopped,bundle,org.eclipse.jst.ws.axis.consumption.ui,1.0.505.v201004211805,"org.eclipse.jst.ws.axis.consumption.ui",1348273504480
stopped,bundle,org.eclipse.jst.ws.axis2.creation.ui,1.0.104.v201004211805,"org.eclipse.jst.ws.axis2.creation.ui",1348273504480
stopped,bundle,org.eclipse.jst.ws.axis2.consumption.ui,1.0.103.v201004211805,"org.eclipse.jst.ws.axis2.consumption.ui",1348273504480
stopped,bundle,org.eclipse.jst.ws.axis2.creation.core,1.0.106.v201004211805,"org.eclipse.jst.ws.axis2.creation.core",1348273504480
stopped,bundle,org.eclipse.jst.ws.axis2.consumption.core,1.0.105.v201004211805,"org.eclipse.jst.ws.axis2.consumption.core",1348273504480
stopped,bundle,org.eclipse.jst.ws.cxf.creation.ui,1.0.0.v201003311345,"org.eclipse.jst.ws.cxf.creation.ui",1348273504480
stopped,bundle,org.eclipse.jst.ws.creation.ui,1.0.510.v201011041151,"org.eclipse.jst.ws.creation.ui",1348273504480
stopped,bundle,org.eclipse.jst.ws.cxf.consumption.ui,1.0.0.v201003222311,"org.eclipse.jst.ws.cxf.consumption.ui",1348273504480
stopped,bundle,org.eclipse.jst.ws.consumption.ui,1.1.302.v201101191731,"org.eclipse.jst.ws.consumption.ui",1348273504480
stopped,bundle,org.eclipse.jst.j2ee.webservice.ui,1.1.400.v201004110600,"org.eclipse.jst.j2ee.webservice.ui",1348273504480
stopped,bundle,org.eclipse.jst.servlet.ui,1.1.404.v201101270100,"org.eclipse.jst.servlet.ui",1348273504480
stopped,bundle,org.eclipse.jst.ws.jaxws.dom.integration,1.0.0.v201004171919,"org.eclipse.jst.ws.jaxws.dom.integration",1348273504495
stopped,bundle,org.eclipse.jst.jee.ui,1.0.304.v201101272100,"org.eclipse.jst.jee.ui",1348273504495
stopped,bundle,org.eclipse.jst.j2ee.navigator.ui,1.1.403.v201012020600,"org.eclipse.jst.j2ee.navigator.ui",1348273504495
stopped,bundle,org.eclipse.jst.j2ee.jca.ui,1.1.400.v201004150700,"org.eclipse.jst.j2ee.jca.ui",1348273504495
stopped,bundle,org.eclipse.jst.j2ee.ui,1.1.404.v201101122300,"org.eclipse.jst.j2ee.ui",1348273504495
stopped,bundle,org.eclipse.jst.jsf.facelet.ui,1.0.0.v20100602,"org.eclipse.jst.jsf.facelet.ui",1348273504495
stopped,bundle,org.eclipse.jst.jsf.ui,1.3.1.v20100906,"org.eclipse.jst.jsf.ui",1348273504495
stopped,bundle,org.eclipse.jst.ws.jaxrs.ui,1.0.301.v201012020511,"org.eclipse.jst.ws.jaxrs.ui",1348273504495
stopped,bundle,org.eclipse.jst.common.project.facet.ui,1.4.102.v201008182136,"org.eclipse.jst.common.project.facet.ui",1348273504495
stopped,bundle,org.eclipse.jst.common.ui,1.0.3.v201101101700,"org.eclipse.jst.common.ui",1348273504495
stopped,bundle,org.eclipse.jst.j2ee.ejb.annotations.emitter,1.1.200.v200909290826,"org.eclipse.jst.j2ee.ejb.annotations.emitter",1348273504495
stopped,bundle,org.eclipse.jst.jsf.apache.trinidad.tagsupport,1.1.101.v20100906,"org.eclipse.jst.jsf.apache.trinidad.tagsupport",1348273504495
stopped,bundle,org.eclipse.jst.jsf.facesconfig.ui,1.2.1.v201101112207,"org.eclipse.jst.jsf.facesconfig.ui",1348273504495
stopped,bundle,org.eclipse.jst.pagedesigner.jsf.ui,1.2.0.v20100414,"org.eclipse.jst.pagedesigner.jsf.ui",1348273504511
stopped,bundle,org.eclipse.jst.pagedesigner,1.3.2.v201101211220,"org.eclipse.jst.pagedesigner",1348273504511
stopped,bundle,org.eclipse.jst.jsf.common.ui,1.2.0.v20100329,"org.eclipse.jst.jsf.common.ui",1348273504511
stopped,bundle,org.eclipse.jst.jsf.facelet.core,1.0.2.v201101042130,"org.eclipse.jst.jsf.facelet.core",1348273504511
stopped,bundle,org.eclipse.jst.jsf.core,1.3.3.v201102021253,"org.eclipse.jst.jsf.core",1348273504511
stopped,bundle,org.eclipse.jst.jsf.standard.tagsupport,1.2.2.v20101027,"org.eclipse.jst.jsf.standard.tagsupport",1348273504511
stopped,bundle,org.eclipse.jst.pagedesigner.jsp.core,1.2.0.v20100308,"org.eclipse.jst.pagedesigner.jsp.core",1348273504511
stopped,bundle,org.eclipse.jst.jsf.common,1.2.2.v201101211220,"org.eclipse.jst.jsf.common",1348273504511
stopped,bundle,org.eclipse.wst.jsdt.web.support.jsp,1.0.303.v201012160047,"org.eclipse.wst.jsdt.web.support.jsp",1348273504511
stopped,bundle,org.eclipse.jst.jsp.ui,1.1.503.v201101262228,"org.eclipse.jst.jsp.ui",1348273504511
stopped,bundle,org.eclipse.jst.ws.cxf.consumption.core,1.0.0.v201003222311,"org.eclipse.jst.ws.cxf.consumption.core",1348273504526
stopped,bundle,org.eclipse.jst.ws.cxf.creation.core,1.0.0.v201003311345,"org.eclipse.jst.ws.cxf.creation.core",1348273504526
stopped,bundle,org.eclipse.jst.ws.cxf.ui,1.0.0.v201004171919,"org.eclipse.jst.ws.cxf.ui",1348273504526
stopped,bundle,org.eclipse.jst.ws.cxf.core,1.0.0.v201003311345,"org.eclipse.jst.ws.cxf.core",1348273504526
stopped,bundle,org.eclipse.jst.ws.jaxws.ui,1.0.1.v201008232129,"org.eclipse.jst.ws.jaxws.ui",1348273504526
activated,perspective,org.eclipse.jdt.ui,,"org.eclipse.jdt.ui.JavaPerspective",1348274302239
started,bundle,org.eclipse.osgi,3.7.2.v20120110-1415,"org.eclipse.osgi",1348274302240
started,bundle,org.eclipse.equinox.simpleconfigurator,1.0.200.v20110815-1438,"org.eclipse.equinox.simpleconfigurator",1348274302242
started,bundle,com.ibm.icu,4.4.2.v20110823,"com.ibm.icu",1348274302251
started,bundle,org.eclipse.compare.core,3.5.200.I20110208-0800,"org.eclipse.compare.core",1348274302305
started,bundle,org.eclipse.core.contenttype,3.4.100.v20110423-0524,"org.eclipse.core.contenttype",1348274302306
started,bundle,org.eclipse.core.databinding.observable,1.4.0.I20110222-0800,"org.eclipse.core.databinding.observable",1348274302344
started,bundle,org.eclipse.core.expressions,3.4.300.v20110228,"org.eclipse.core.expressions",1348274302344
started,bundle,org.eclipse.core.filebuffers,3.5.200.v20110928-1504,"org.eclipse.core.filebuffers",1348274302344
started,bundle,org.eclipse.core.filesystem,1.3.100.v20110423-0524,"org.eclipse.core.filesystem",1348274302345
started,bundle,org.eclipse.core.jobs,3.5.101.v20120113-1953,"org.eclipse.core.jobs",1348274302346
started,bundle,org.eclipse.core.net,1.2.100.I20110511-0800,"org.eclipse.core.net",1348274302347
started,bundle,org.eclipse.core.resources,3.7.101.v20120125-1505,"org.eclipse.core.resources",1348274302348
started,bundle,org.eclipse.core.runtime,3.7.0.v20110110,"org.eclipse.core.runtime",1348274302349
started,bundle,org.eclipse.core.runtime.compatibility,3.2.100.v20100505,"org.eclipse.core.runtime.compatibility",1348274302349
started,bundle,org.eclipse.core.runtime.compatibility.auth,3.2.200.v20110110,"org.eclipse.core.runtime.compatibility.auth",1348274302350
started,bundle,org.eclipse.debug.core,3.7.1.v20111129-2031,"org.eclipse.debug.core",1348274302350
started,bundle,org.eclipse.egit.core,1.3.0.201202151440-r,"org.eclipse.egit.core",1348274302370
started,bundle,org.eclipse.epp.mpc.ui,1.1.1.I20110907-0947,"org.eclipse.epp.mpc.ui",1348274302370
started,bundle,org.eclipse.epp.usagedata.gathering,1.3.1.R201106061540,"org.eclipse.epp.usagedata.gathering",1348274302370
started,bundle,org.eclipse.epp.usagedata.recording,1.3.1.R201106061540,"org.eclipse.epp.usagedata.recording",1348274302371
started,bundle,org.eclipse.equinox.app,1.3.100.v20110321,"org.eclipse.equinox.app",1348274302372
started,bundle,org.eclipse.equinox.common,3.6.0.v20110523,"org.eclipse.equinox.common",1348274302372
started,bundle,org.eclipse.equinox.ds,1.3.1.R37x_v20110701,"org.eclipse.equinox.ds",1348274302373
started,bundle,org.eclipse.equinox.event,1.2.100.v20110502,"org.eclipse.equinox.event",1348274302374
started,bundle,org.eclipse.equinox.p2.core,2.1.1.v20120113-1346,"org.eclipse.equinox.p2.core",1348274302375
started,bundle,org.eclipse.equinox.p2.directorywatcher,1.0.300.v20110815-1419,"org.eclipse.equinox.p2.directorywatcher",1348274302376
started,bundle,org.eclipse.equinox.p2.engine,2.1.1.R37x_v20111003,"org.eclipse.equinox.p2.engine",1348274302377
started,bundle,org.eclipse.equinox.p2.metadata,2.1.0.v20110815-1419,"org.eclipse.equinox.p2.metadata",1348274302378
started,bundle,org.eclipse.equinox.p2.metadata.repository,1.2.0.v20110815-1419,"org.eclipse.equinox.p2.metadata.repository",1348274302379
started,bundle,org.eclipse.equinox.p2.operations,2.1.1.R37x_v20111111,"org.eclipse.equinox.p2.operations",1348274302380
started,bundle,org.eclipse.equinox.p2.reconciler.dropins,1.1.100.v20110815-1419,"org.eclipse.equinox.p2.reconciler.dropins",1348274302396
started,bundle,org.eclipse.equinox.p2.repository,2.1.1.v20120113-1346,"org.eclipse.equinox.p2.repository",1348274302397
started,bundle,org.eclipse.equinox.p2.ui.sdk.scheduler,1.0.100.v20110815-1419,"org.eclipse.equinox.p2.ui.sdk.scheduler",1348274302398
started,bundle,org.eclipse.equinox.p2.updatechecker,1.1.200.v20110815-1419,"org.eclipse.equinox.p2.updatechecker",1348274302402
started,bundle,org.eclipse.equinox.preferences,3.4.2.v20120111-2020,"org.eclipse.equinox.preferences",1348274302403
started,bundle,org.eclipse.equinox.registry,3.5.101.R37x_v20110810-1611,"org.eclipse.equinox.registry",1348274302423
started,bundle,org.eclipse.equinox.security,1.1.1.R37x_v20110822-1018,"org.eclipse.equinox.security",1348274302461
started,bundle,org.eclipse.equinox.util,1.0.300.v20110502,"org.eclipse.equinox.util",1348274302462
started,bundle,org.eclipse.help,3.5.100.v20110426,"org.eclipse.help",1348274302463
started,bundle,org.eclipse.jdt.core,3.7.3.v20120119-1537,"org.eclipse.jdt.core",1348274302463
started,bundle,org.eclipse.jdt.core.manipulation,1.4.0.v20110928-1453,"org.eclipse.jdt.core.manipulation",1348274302464
started,bundle,org.eclipse.jdt.launching,3.6.1.v20111006_r372,"org.eclipse.jdt.launching",1348274302464
started,bundle,org.eclipse.jdt.ui,3.7.2.v20120109-1427,"org.eclipse.jdt.ui",1348274302464
started,bundle,org.eclipse.jface,3.7.0.v20110928-1505,"org.eclipse.jface",1348274302465
started,bundle,org.eclipse.jgit,1.3.0.201202151440-r,"org.eclipse.jgit",1348274302465
started,bundle,org.eclipse.jsch.core,1.1.300.I20110514-0800,"org.eclipse.jsch.core",1348274302467
started,bundle,org.eclipse.ltk.core.refactoring,3.5.201.r372_v20111101-0700,"org.eclipse.ltk.core.refactoring",1348274302468
started,bundle,org.eclipse.ltk.ui.refactoring,3.6.0.v20110928-1453,"org.eclipse.ltk.ui.refactoring",1348274302469
started,bundle,org.eclipse.m2e.logback.configuration,1.0.200.20111228-1245,"org.eclipse.m2e.logback.configuration",1348274302469
started,bundle,org.eclipse.mylyn.bugzilla.core,3.6.5.v20120123-0100,"org.eclipse.mylyn.bugzilla.core",1348274302470
started,bundle,org.eclipse.mylyn.bugzilla.ui,3.6.0.v20110608-1400,"org.eclipse.mylyn.bugzilla.ui",1348274302493
started,bundle,org.eclipse.mylyn.commons.identity,0.8.0.v20110608-1400,"org.eclipse.mylyn.commons.identity",1348274302494
started,bundle,org.eclipse.mylyn.commons.net,3.6.0.v20110608-1400,"org.eclipse.mylyn.commons.net",1348274302494
started,bundle,org.eclipse.mylyn.commons.ui,3.6.1.v20110720-0100,"org.eclipse.mylyn.commons.ui",1348274302545
started,bundle,org.eclipse.mylyn.context.core,3.6.1.v20110720-0100,"org.eclipse.mylyn.context.core",1348274302546
started,bundle,org.eclipse.mylyn.context.ui,3.6.1.v20120112-0100,"org.eclipse.mylyn.context.ui",1348274302577
started,bundle,org.eclipse.mylyn.monitor.ui,3.6.0.v20110608-1400,"org.eclipse.mylyn.monitor.ui",1348274302578
started,bundle,org.eclipse.mylyn.tasks.ui,3.6.5.v20120215-0100,"org.eclipse.mylyn.tasks.ui",1348274302578
started,bundle,org.eclipse.mylyn.team.ui,3.6.1.v20110825-0100,"org.eclipse.mylyn.team.ui",1348274302579
started,bundle,org.eclipse.search,3.7.0.v20110928-1504,"org.eclipse.search",1348274302580
started,bundle,org.eclipse.team.core,3.6.0.I20110525-0800,"org.eclipse.team.core",1348274302581
started,bundle,org.eclipse.ui,3.7.0.v20110928-1505,"org.eclipse.ui",1348274302582
started,bundle,org.eclipse.ui.console,3.5.100.v20111007_r372,"org.eclipse.ui.console",1348274302583
started,bundle,org.eclipse.ui.editors,3.7.0.v20110928-1504,"org.eclipse.ui.editors",1348274302583
started,bundle,org.eclipse.ui.forms,3.5.101.v20111011-1919,"org.eclipse.ui.forms",1348274302639
started,bundle,org.eclipse.ui.ide,3.7.0.v20110928-1505,"org.eclipse.ui.ide",1348274302642
started,bundle,org.eclipse.ui.net,1.2.100.v20111208-1155,"org.eclipse.ui.net",1348274302642
started,bundle,org.eclipse.ui.views,3.6.0.v20110928-1505,"org.eclipse.ui.views",1348274302643
started,bundle,org.eclipse.ui.workbench,3.7.1.v20120104-1859,"org.eclipse.ui.workbench",1348274302645
started,bundle,org.eclipse.ui.workbench.texteditor,3.7.0.v20110928-1504,"org.eclipse.ui.workbench.texteditor",1348274302647
started,bundle,org.eclipse.update.configurator,3.3.100.v20100512,"org.eclipse.update.configurator",1348274302658
started,bundle,org.eclipse.update.core,3.2.500.v20110330,"org.eclipse.update.core",1348274302713
started,bundle,org.eclipse.update.scheduler,3.2.300.v20100512,"org.eclipse.update.scheduler",1348274302722
started,bundle,org.eclipse.wb.core,1.3.0.r37x201202052311,"org.eclipse.wb.core",1348274302722
started,bundle,org.eclipse.wb.core.lib,1.3.0.r37x201202052311,"org.eclipse.wb.core.lib",1348274302752
started,bundle,org.eclipse.wb.discovery.core,1.3.0.r37x201202052340,"org.eclipse.wb.discovery.core",1348274302755
started,bundle,com.android.ide.eclipse.adt,18.0.0.v201203301601-306762,"com.android.ide.eclipse.adt",1348274302755
os,sysinfo,,,"win32",1348274302759
arch,sysinfo,,,"x86",1348274302759
ws,sysinfo,,,"win32",1348274302759
locale,sysinfo,,,"en_AU",1348274302759
processors,sysinfo,,,"2",1348274302759
java.runtime.name,sysinfo,,,"Java(TM) SE Runtime Environment",1348274302759
java.runtime.version,sysinfo,,,"1.7.0_05-b05",1348274302759
java.specification.name,sysinfo,,,"Java Platform API Specification",1348274302759
java.specification.vendor,sysinfo,,,"Oracle Corporation",1348274302759
java.specification.version,sysinfo,,,"1.7",1348274302759
java.vendor,sysinfo,,,"Oracle Corporation",1348274302759
java.version,sysinfo,,,"1.7.0_05",1348274302759
java.vm.info,sysinfo,,,"mixed mode, sharing",1348274302759
java.vm.name,sysinfo,,,"Java HotSpot(TM) Client VM",1348274302759
java.vm.specification.name,sysinfo,,,"Java Virtual Machine Specification",1348274302759
java.vm.specification.vendor,sysinfo,,,"Oracle Corporation",1348274302759
java.vm.specification.version,sysinfo,,,"1.7",1348274302759
java.vm.vendor,sysinfo,,,"Oracle Corporation",1348274302759
java.vm.version,sysinfo,,,"23.1-b03",1348274302759
started,bundle,org.eclipse.m2e.usagedata,1.0.200.20111228-1245,"org.eclipse.m2e.usagedata",1348274302829
started,bundle,org.eclipse.team.cvs.core,3.3.400.I20110510-0800,"org.eclipse.team.cvs.core",1348274303045
started,bundle,org.eclipse.team.cvs.ui,3.3.401.v20120126-1227,"org.eclipse.team.cvs.ui",1348274303618
started,bundle,org.eclipse.wb.discovery.ui,1.3.0.r37x201202052340,"org.eclipse.wb.discovery.ui",1348274303634
started,bundle,org.eclipse.jdt.apt.core,3.3.500.v20110420-1015,"org.eclipse.jdt.apt.core",1348274306117
started,bundle,org.eclipse.core.variables,3.2.500.v20110928-1503,"org.eclipse.core.variables",1348274306380
started,bundle,org.eclipse.jdt.apt.pluggable.core,1.0.400.v20110305-1450,"org.eclipse.jdt.apt.pluggable.core",1348274306391
opened,view,org.eclipse.ui.ide,3.7.0.v20110928-1505,"org.eclipse.ui.views.ProblemView",1348274307205
error,log,,,"Failed to load properties file for project 'Video'",1348274308410
error,log,,,"Failed to finish PrecompilerBuilder#startupOnInitialize()",1348274308511
error,log,,,"Failed to load properties file for project 'Video'",1348274308533
error,log,,,"Failed to load properties file for project 'Video'",1348274309016
error,log,,,"Failed to load properties file for project 'Video'",1348274312146
error,log,,,"Failed to load properties file for project 'Video'",1348274312159
deactivated,workbench,org.eclipse.ui.workbench,3.7.1.v20120104-1859,"",1348274329979
deactivated,workbench,org.eclipse.ui.workbench,3.7.1.v20120104-1859,"",1348274332898
activated,workbench,org.eclipse.ui.workbench,3.7.1.v20120104-1859,"",1348274382977
activated,view,org.eclipse.jdt.ui,3.7.2.v20120109-1427,"org.eclipse.jdt.ui.PackageExplorer",1348274385271
started,bundle,org.eclipse.wst.sse.core,1.1.602.v201112071516,"org.eclipse.wst.sse.core",1348274386069
started,bundle,org.eclipse.compare,3.5.202.R37x_v20111109-0800,"org.eclipse.compare",1348274388999
started,bundle,org.eclipse.wst.xml.core,1.1.602.v201201091944,"org.eclipse.wst.xml.core",1348274391140
deactivated,workbench,org.eclipse.ui.workbench,3.7.1.v20120104-1859,"",1348274393004
activated,workbench,org.eclipse.ui.workbench,3.7.1.v20120104-1859,"",1348274397996
deactivated,workbench,org.eclipse.ui.workbench,3.7.1.v20120104-1859,"",1348274401561
activated,workbench,org.eclipse.ui.workbench,3.7.1.v20120104-1859,"",1348274405242
opened,editor,org.eclipse.jdt.ui,3.7.2.v20120109-1427,"org.eclipse.jdt.ui.CompilationUnitEditor",1348274405453
activated,editor,org.eclipse.jdt.ui,3.7.2.v20120109-1427,"org.eclipse.jdt.ui.CompilationUnitEditor",1348274405604
started,bundle,org.eclipse.jdt.junit,3.7.0.v20110928-1453,"org.eclipse.jdt.junit",1348274410573
executed,command,org.eclipse.ui,3.7.0.v20110928-1505,"org.eclipse.ui.file.save",1348274421409
deactivated,workbench,org.eclipse.ui.workbench,3.7.1.v20120104-1859,"",1348274424181
activated,workbench,org.eclipse.ui.workbench,3.7.1.v20120104-1859,"",1348274424300
executed,command,org.eclipse.ui,3.7.0.v20110928-1505,"org.eclipse.ui.file.save",1348274425927
deactivated,workbench,org.eclipse.ui.workbench,3.7.1.v20120104-1859,"",1348274429178
activated,workbench,org.eclipse.ui.workbench,3.7.1.v20120104-1859,"",1348274430145
started,bundle,org.eclipse.mylyn.ide.ui,3.6.0.v20110608-1400,"org.eclipse.mylyn.ide.ui",1348274430178
started,bundle,org.eclipse.mylyn.java.ui,3.6.0.v20110608-1400,"org.eclipse.mylyn.java.ui",1348274430193
executed,command,org.eclipse.ui,3.7.0.v20110928-1505,"org.eclipse.ui.file.save",1348274434716
executed,command,org.eclipse.ui,3.7.0.v20110928-1505,"org.eclipse.ui.edit.text.contentAssist.proposals",1348274439881
executed,command,org.eclipse.ui,3.7.0.v20110928-1505,"org.eclipse.ui.file.save",1348274447536
deactivated,workbench,org.eclipse.ui.workbench,3.7.1.v20120104-1859,"",1348274448532
activated,workbench,org.eclipse.ui.workbench,3.7.1.v20120104-1859,"",1348274500187
closed,editor,org.eclipse.jdt.ui,3.7.2.v20120109-1427,"org.eclipse.jdt.ui.CompilationUnitEditor",1348274506675
activated,view,org.eclipse.jdt.ui,3.7.2.v20120109-1427,"org.eclipse.jdt.ui.PackageExplorer",1348274508498
opened,editor,org.eclipse.jdt.ui,3.7.2.v20120109-1427,"org.eclipse.jdt.ui.CompilationUnitEditor",1348274509283
activated,editor,org.eclipse.jdt.ui,3.7.2.v20120109-1427,"org.eclipse.jdt.ui.CompilationUnitEditor",1348274509378
started,bundle,org.eclipse.wb.os,1.3.0.r37x201202052311,"org.eclipse.wb.os",1348274509943
started,bundle,org.eclipse.wb.os.win32,1.3.0.r37x201202052311,"org.eclipse.wb.os.win32",1348274509945
executed,command,org.eclipse.ui,3.7.0.v20110928-1505,"org.eclipse.ui.file.save",1348274523516
activated,editor,org.eclipse.jdt.ui,3.7.2.v20120109-1427,"org.eclipse.jdt.ui.CompilationUnitEditor",1348274539794
executed,command,org.eclipse.ui,3.7.0.v20110928-1505,"org.eclipse.ui.file.save",1348274544295
deactivated,workbench,org.eclipse.ui.workbench,3.7.1.v20120104-1859,"",1348274557859
activated,workbench,org.eclipse.ui.workbench,3.7.1.v20120104-1859,"",1348274673682
deactivated,workbench,org.eclipse.ui.workbench,3.7.1.v20120104-1859,"",1348274674642
